Label,# Samples,Average,Median,90% Line,95% Line,99% Line,Min,Max,Error %,Throughput,Received KB/sec,Sent KB/sec
Get All Events,50,528.3,571,603.0,614.7,1180.8,398.7,1180.8,0.000%,0.84287,8.23,0.55
Get Specific Event,50,310.5,329,364.5,379.8,423.9,246.6,423.9,0.000%,0.85143,1.72,0.6
Get available seats,50,333.9,349,387.9,406.8,800.1,263.7,800.1,0.000%,0.85227,18.11,0.62
Get my bookings,50,306.9,339,337.5,360.9,446.4,235.8,446.4,0.000%,0.85353,6.58,0.57
TOTAL,200,369.9,360,527.4,576.0,800.1,235.8,1180.8,0.000%,3.25627,33.17,2.23
